Wall time,Step,Value
1678189196.170576,10486,0.0
1678189198.755799,10597,0.0
1678189214.135606,11229,0.0
1678189215.398972,11278,0.0
1678189223.954864,11629,0.0
1678189224.468574,11651,0.0
1678189226.474052,11728,0.0
1678189230.23193,11882,0.0
1678189231.112169,11915,0.0
1678189235.244502,12072,0.0
1678189236.823969,12137,0.0
1678189284.023003,14103,0.0
1678189306.690655,15053,0.0
1678189308.20489,15113,0.0
1678189312.8028,15307,0.0
1678189317.398682,15491,0.0
1678189320.487376,15608,0.0
1678189335.954092,16237,0.0
1678189347.351271,16707,0.0
1678189355.661847,17042,0.0
1678189357.48564,17115,0.0
1678189360.70684,17243,0.0
1678189369.206635,17582,0.0
1678189369.908885,17608,0.0
1678189372.322028,17709,0.0
1678189376.27232,17860,0.0
1678189377.771446,17920,0.0
1678189393.105706,18544,0.0
1678189406.382081,19076,0.0
1678189430.113536,20010,0.0
1678189485.363824,22255,0.0
1678189501.16722,22703,0.0
1678189517.232277,23353,0.0
1678189525.220106,23689,0.0
1678189526.454747,23736,0.0
1678189551.420405,24767,0.0
1678189574.580744,25709,0.0
1678189591.35064,26406,0.0
1678189591.785209,26423,0.0
1678189608.292144,27084,0.0
1678189625.722118,27803,0.0
1678189647.555857,28686,0.0
1678189648.002802,28702,0.0
1678189672.902721,29774,0.0
1678189684.201075,30257,0.0
1678189684.704009,30274,0.0
1678189701.187081,30965,0.0
1678189734.064389,32343,0.0
1678189747.720211,32888,0.0
1678189752.950543,33098,0.0
1678189758.73028,33347,0.0
1678189800.578964,35088,0.0
1678189802.294602,35163,0.0
1678189803.918565,35229,0.0
1678189837.720802,36639,0.0
1678189874.920412,38150,0.0
1678189880.958495,38402,0.0
1678189883.907708,38528,0.0
1678189889.08764,38728,0.0
1678189889.853827,38767,0.0
1678189890.883043,38807,0.0
1678189900.481813,39167,0.0
1678189914.525386,39327,0.0
1678189926.775504,39827,0.0
1678189934.362392,40143,0.0
1678189935.17909,40175,0.0
1678189938.580003,40305,0.0
1678189945.885873,40599,0.0
1678189958.023954,41101,0.0
1678189962.470228,41276,0.0
1678189981.829383,42057,0.0
1678189984.236125,42148,0.0
1678189986.035953,42215,0.0
1678189994.097298,42536,0.0
1678190006.338275,43044,0.0
1678190031.737271,44031,0.0
1678190040.427878,44353,0.0
1678190042.209669,44416,0.0
1678190044.175451,44493,0.0
1678190072.761243,45529,0.0
1678190074.534668,45598,0.0
1678190078.749261,45767,0.0
1678190111.047682,47002,0.0
1678190116.135241,47187,0.0
1678190120.585421,47356,0.0
1678190125.373752,47533,0.0
1678190141.07787,48136,0.0
1678190147.538836,48377,0.0
1678190156.009216,48704,0.0
1678190174.982314,49413,0.0
1678190186.094136,50027,0.0
1678190188.627544,50149,0.0
1678190190.53012,50236,0.0
1678190210.99405,51708,0.0
1678190218.159035,52411,0.0
1678190224.604091,52643,0.0
1678190505.722742,53401,0.0
1678190507.662168,53493,0.0
1678190508.395245,53504,0.0
1678190515.986054,54424,0.0
1678190556.791351,56342,0.0
1678190558.374204,56481,0.0
1678190567.460363,57422,0.0
1678190569.155211,57482,0.0
1678190570.871862,57680,0.0
1678190580.505005,58534,0.0
1678190583.471682,58757,0.0
1678190587.689009,59015,0.0
1678190594.992181,59831,0.0
1678190596.21677,59951,0.0
1678190597.241979,59987,0.0
1678190597.847593,60004,0.0
1678190601.052187,60405,0.0
1678190604.476686,60830,0.0
1678190622.48323,62432,0.0
1678190638.858993,64318,0.0
1678190646.239082,65134,0.0
1678190649.135286,65393,0.0
1678190655.322858,66097,0.0
1678190658.631104,66305,0.0
1678190665.611981,66942,0.0
1678190670.10308,67465,0.0
1678190677.090202,68045,0.0
1678190684.760821,68684,0.0
1678190712.528024,68694,0.0
1678190723.803453,69828,0.0
1678190725.100261,69940,0.0
1678190734.917925,70504,0.0
1678190747.161963,71004,0.0
1678190769.034497,71870,0.0
1678190788.745445,72588,0.0
1678190791.574979,72672,0.0
1678190792.662273,72686,0.0
1678190798.2449,72877,0.0
1678190806.227127,73122,0.0
1678190811.027336,73309,0.0
1678190831.171263,74131,0.0
1678190849.989956,74861,0.0
1678190857.1752,75104,0.0
1678190879.154583,75970,0.0
1678190890.525601,76334,0.0
1678190892.888047,76395,0.0
1678190918.612039,77326,0.0
1678190919.641001,77343,0.0
1678190936.618386,78033,0.0
1678190945.993095,78302,0.0
1678190961.346472,78872,0.0
1678190962.301376,78881,0.0
1678190978.203054,79316,0.0
1678190983.50879,79513,0.0
1678191006.0473,80318,0.0
1678191007.495998,80338,0.0
1678191009.143018,80371,0.0
1678191026.097443,80945,0.0
1678191075.136537,81704,0.0
1678191116.909926,83172,0.0
1678191118.837547,83227,0.0
1678191126.35501,83381,0.0
1678191130.809193,83537,0.0
1678191140.817857,83940,0.0
1678191142.827934,83981,0.0
1678191159.130851,84596,0.0
1678191160.335745,84614,0.0
1678191164.13406,84738,0.0
1678191227.97332,86736,0.0
1678191231.042515,86833,0.0
1678191245.064278,87365,0.0
1678191246.330513,87390,0.0
1678191250.422852,87535,0.0
1678191264.515972,88088,0.0
1678191266.29352,88107,0.0
1678191281.096973,88685,0.0
1678191295.773568,89256,0.0
1678191301.218334,89455,0.0
1678191317.515322,90071,0.0
1678191325.954361,90390,0.0
1678191338.715444,90819,0.0
1678191343.50441,90838,0.0
1678191358.809668,91311,0.0
1678191368.524432,91708,0.0
1678191384.754991,92284,0.0
1678191396.917546,92702,0.0
1678191409.305006,93217,0.0
1678191419.227407,93439,0.0
1678191444.671343,99849,0.0
1678191452.310568,100180,0.0
1678191458.274454,100559,0.0
1678191464.898257,101129,0.0
1678191467.251751,101208,0.0
1678191474.863308,101848,0.0
1678191518.76267,102323,0.0
1678191527.813235,102951,0.0
1678191530.311905,103052,0.0
1678191538.426057,103560,0.0
1678191541.44864,103671,0.0
1678191547.90989,103910,0.0
1678191559.068416,104300,0.0
1678191568.102512,104682,0.0
1678191575.243958,104885,0.0
1678191588.366386,105604,0.0
1678191591.202735,105703,0.0
1678191605.904985,106446,0.0
1678191609.689265,106553,0.0
1678191612.079861,106641,0.0
1678191619.311394,106889,0.0
1678191627.872453,107167,0.0
1678191633.314462,107472,0.0
1678191635.208726,107536,0.0
1678191637.623994,107629,0.0
1678191638.585192,107639,0.0
1678191639.476411,107651,0.0
1678191654.269374,108193,0.0
1678191657.15565,108271,0.0
1678191659.725493,108364,0.0
1678191663.724855,108505,0.0
1678191667.018176,108836,0.0
1678191672.677031,109009,0.0
1678191679.023958,109269,0.0
1678191694.054497,110231,0.0
1678191697.625487,110346,0.0
1678191707.513927,111154,0.0
1678191709.32261,111234,0.0
1678191715.435652,111616,0.0
1678191719.332558,111674,0.0
1678191722.529198,111792,0.0
1678191730.327425,112384,0.0
1678191732.271502,112434,0.0
1678191776.869001,112559,0.0
1678191778.127552,112623,0.0
1678191780.557751,112724,0.0
1678191784.882799,112922,0.0
1678191788.05805,113003,0.0
1678191793.524283,113156,0.0
1678191798.342931,113218,0.0
1678191801.102882,113322,0.0
1678191806.101596,113689,0.0
1678191807.298113,113750,0.0
1678191810.714233,114021,0.0
1678191818.737009,115021,0.0
1678191819.847586,115032,0.0
1678191822.300742,115157,0.0
1678191824.217363,115319,0.0
1678191825.891189,115334,0.0
1678191826.921748,115388,0.0
1678191828.292568,115470,0.0
1678191835.310794,115815,0.0
1678191839.777682,115950,0.0
1678191841.56872,115978,0.0
1678191857.124804,116858,0.0
1678191859.171865,116969,0.0
1678191868.460188,117730,0.0
1678191869.505335,117769,0.0
1678191874.391177,118016,0.0
1678191878.046226,118187,0.0
1678191881.300323,118273,0.0
1678191882.773046,118288,0.0
1678191884.627779,118303,0.0
1678191885.67705,118315,0.0
1678191888.300205,118572,0.0
1678191893.490854,119096,0.0
1678191917.786043,120164,0.0
1678191999.842447,121177,0.0
1678192009.457459,121564,0.0
1678192011.348038,121608,0.0
1678192012.347073,121617,0.0
1678192016.837622,121700,0.0
1678192034.61845,122156,0.0
1678192036.478046,122196,0.0
1678192065.957383,123134,0.0
1678192079.441303,123572,0.0
1678192081.02009,123606,0.0
1678192088.20334,123869,0.0
1678192091.558702,123950,0.0
1678192104.072896,124406,0.0
1678192105.193378,124413,0.0
1678192111.509599,124574,0.0
1678192114.926238,124657,0.0
1678192128.590455,125143,0.0
1678192130.622259,125202,0.0
1678192151.907258,125889,0.0
1678192160.193322,126126,0.0
1678192172.464487,126634,0.0
1678192179.882771,126871,0.0
1678192185.511351,127087,0.0
1678192196.212924,127435,0.0
1678192199.8258,127554,0.0
1678192243.734925,129004,0.0
1678192246.086785,129021,0.0
1678192251.545726,129124,0.0
1678192256.960261,129291,0.0
1678192262.243175,129411,0.0
1678192315.419892,129465,0.0
1678192317.65739,129524,0.0
1678192325.181251,129746,0.0
1678192326.109467,129753,0.0
1678192342.293843,130263,0.0
1678192343.801829,130286,0.0
1678192347.436091,130361,0.0
1678192349.70607,130410,0.0
1678192364.328449,130757,0.0
1678192368.977799,130918,0.0
1678192371.335502,130948,0.0
1678192385.411708,131313,0.0
1678192393.940876,131600,0.0
1678192395.336175,131616,0.0
1678192399.390892,131752,0.0
1678192412.847106,132022,0.0
1678192423.90767,132391,0.0
1678192437.424382,132887,0.0
1678192453.761307,133434,0.0
1678192467.801497,133912,0.0
1678192486.703329,134692,0.0
1678192494.553284,134838,0.0
1678192500.423121,135001,0.0
1678192505.576083,135164,0.0
1678192509.267322,135249,0.0
1678192511.30083,135303,0.0
1678192552.425409,136688,0.0
1678192554.468897,136743,0.0
1678192559.883382,136869,0.0
1678192571.260252,137177,0.0
1678192600.695037,138298,0.0
1678192612.653198,138699,0.0
1678192618.475358,138896,0.0
1678192685.408428,139190,0.0
1678192693.581422,139420,0.0
1678192700.760004,139620,0.0
1678192713.058751,140120,0.0
1678192714.167714,140130,0.0
1678192725.544386,140572,0.0
1678192745.812574,141282,0.0
1678192748.68381,141333,0.0
1678192763.545316,141898,0.0
1678192787.538324,142653,0.0
1678192801.814667,143090,0.0
1678192804.991152,143149,0.0
1678192821.983226,143617,0.0
1678192829.672988,143901,0.0
1678192831.672545,143950,0.0
1678192843.198592,144450,0.0
1678192844.433663,144459,0.0
1678192863.374501,145116,0.0
1678192877.44057,145635,0.0
1678192902.473121,146333,0.0
1678192905.83424,146394,0.0
1678192911.287809,146552,0.0
1678192914.600561,146616,0.0
1678192921.158723,146778,0.0
1678192927.882676,146989,0.0
1678192932.554961,147112,0.0
1678192937.044422,147268,0.0
1678192946.185701,147635,0.0
1678192952.106088,147720,0.0
1678192955.036673,147808,0.0
1678192975.001118,148451,0.0
1678192981.417874,149240,0.0
1678192999.825465,149944,0.0
1678193011.91054,150443,0.0
1678193013.575189,150480,0.0
1678193031.871853,151133,0.0
1678193117.90764,151948,0.0
1678193144.615899,152976,0.0
1678193145.803905,152994,0.0
1678193146.800437,153002,0.0
1678193166.781449,153735,0.0
1678193180.028104,154277,0.0
1678193183.517779,154356,0.0
1678193195.018029,154856,0.0
1678193206.794651,155295,0.0
1678193236.778484,156403,0.0
1678193243.465116,156614,0.0
1678193248.40149,156791,0.0
1678193261.165173,157226,0.0
1678193263.642059,157293,0.0
1678193267.695084,157388,0.0
1678193270.034382,157451,0.0
1678193285.705556,157989,0.0
1678193299.925568,158541,0.0
1678193304.078173,158632,0.0
1678193310.248237,158809,0.0
1678193332.624441,159654,0.0
1678193340.644045,159886,0.0
1678193341.596896,159895,0.0
1678193344.198712,159967,0.0
1678193370.898716,160775,0.0
1678193392.4357,161602,0.0
1678193399.835308,161796,0.0
1678193416.015649,162258,0.0
1678193418.964273,162299,0.0
1678193422.710705,162437,0.0
1678193425.670075,162537,0.0
1678193449.640484,163456,0.0
1678193464.603533,164027,0.0
1678193471.075229,164260,0.0
1678193474.411204,164303,0.0
1678193498.929618,165261,0.0
1678193511.679681,165761,0.0
1678193591.430109,166107,0.0
1678193623.853792,167225,0.0
1678193629.431296,167425,0.0
1678193642.028132,167925,0.0
1678193680.205824,169266,0.0
1678193687.413022,169404,0.0
1678193708.295453,170098,0.0
1678193711.747463,170175,0.0
1678193717.572873,170275,0.0
1678193744.404757,171349,0.0
1678193778.133192,172518,0.0
1678193788.510134,172746,0.0
1678193794.787653,172964,0.0
1678193806.113927,173374,0.0
1678193806.956987,173382,0.0
1678193808.390951,173411,0.0
1678193809.326838,173419,0.0
1678193813.21501,173569,0.0
1678193818.247195,173684,0.0
1678193820.48245,173750,0.0
1678193834.730064,174227,0.0
1678193835.960191,174234,0.0
1678193884.410827,176124,0.0
1678193901.898217,176775,0.0
1678193933.614723,178027,0.0
1678193943.287085,178417,0.0
1678193944.310122,178426,0.0
1678193960.748303,178940,0.0
1678193985.396763,179854,0.0
1678194028.188992,181502,0.0
1678194041.650489,181917,0.0
1678194130.876539,182433,0.0
1678194131.913566,182441,0.0
1678194143.508494,182882,0.0
1678194149.529061,182993,0.0
1678194179.233336,184064,0.0
1678194205.869357,185023,0.0
1678194222.777686,185537,0.0
1678194230.288312,185781,0.0
1678194234.144956,185842,0.0
1678194244.266949,186232,0.0
1678194249.579068,186395,0.0
1678194286.563064,187724,0.0
1678194345.779117,189849,0.0
1678194364.022551,190544,0.0
1678194414.964693,192477,0.0
1678194464.775555,194290,0.0
1678194479.481519,194756,0.0
1678194480.550412,194770,0.0
1678194487.680488,195033,0.0
1678194489.475302,195071,0.0
1678194494.431066,195259,0.0
1678194548.26852,197448,0.0
1678194550.846014,197498,0.0
1678194586.576369,198872,0.0
1678194625.52105,200399,0.0
1678194652.927268,201429,0.0
1678194676.729413,202300,0.0
1678194789.600081,203419,0.0
1678194915.840517,208078,0.0
1678194935.162716,208807,0.0
1678194975.090038,210197,0.0
1678195017.46122,211878,0.0
1678195019.633186,211898,0.0
1678195032.025555,212398,0.0
1678195032.955671,212405,0.0
1678195044.868065,212898,0.0
1678195094.67064,214795,0.0
1678195098.508209,214893,0.0
1678195125.250939,215998,0.0
1678195140.326885,216562,0.0
1678195153.466351,217062,0.0
1678195177.651314,218062,0.0
1678195178.779053,218070,0.0
1678195261.149576,221371,0.0
1678195273.48972,221871,0.0
1678195298.237021,222805,0.0
1678195373.822943,226046,0.0
1678195414.528557,227784,0.0
1678195440.705328,228805,0.0
1678195474.919072,230151,0.0
1678195602.500831,231584,0.0
1678195604.722787,231655,0.0
1678195639.551379,233130,0.0
1678195718.352667,236393,0.0
1678195728.826834,236794,0.0
1678195741.690958,237294,0.0
1678195745.3039,237379,0.0
1678195764.056293,238123,0.0
1678195765.743843,238130,0.0
1678195855.079763,241569,0.0
1678195877.668854,242339,0.0
1678195897.665129,243256,0.0
1678195909.362139,243756,0.0
1678195929.613375,244539,0.0
1678195979.185062,246411,0.0
1678196003.266917,247422,0.0
1678196015.742558,247922,0.0
1678196028.761191,248422,0.0
1678196085.661003,250507,0.0
1678196115.621479,251654,0.0
1678196127.421167,252154,0.0
1678196151.318179,253154,0.0
1678196169.958343,253869,0.0
1678196171.736107,253922,0.0
1678196172.786258,253930,0.0
1678196189.593071,254492,0.0
1678196207.266302,255158,0.0
1678196255.626365,257166,0.0
1678196352.361422,261062,0.0
1678196474.839323,261562,0.0
1678196477.645022,261645,0.0
1678196521.53935,263352,0.0
1678196533.566743,263852,0.0
1678196535.633718,263907,0.0
1678196610.771022,266828,0.0
1678196770.779017,273252,0.0
1678196819.938757,275169,0.0
1678196860.091962,276721,0.0
1678196886.725842,277721,0.0
1678196922.77502,279221,0.0
1678196935.972178,279721,0.0
1678196988.7809,281735,0.0
1678197001.440039,282235,0.0
1678197035.470956,283525,0.0
1678197060.74716,284533,0.0
1678197079.055287,285210,0.0
1678197145.473645,287747,0.0
1678197195.363335,289738,0.0
1678197233.127922,291245,0.0
1678197272.645428,292829,0.0
1678197287.933902,293383,0.0
1678197312.30998,294383,0.0
1678197365.956146,296453,0.0
1678197368.239627,296515,0.0
1678197377.407443,296892,0.0
1678197389.298737,297392,0.0
1678197434.149812,299102,0.0
1678197447.552422,299602,0.0
1678197460.359085,300102,0.0
1678197644.036552,302596,0.0
1678197649.810592,302774,0.0
1678197677.805068,303958,0.0
1678197703.898931,304958,0.0
1678197716.421803,305458,0.0
1678197721.9121,305851,0.0
1678197726.083711,305995,0.0
1678197772.823033,307692,0.0
1678197786.458976,308208,0.0
1678197788.67365,308262,0.0
1678197790.608576,308312,0.0
1678197792.824999,308381,0.0
1678197827.920944,309895,0.0
1678197862.618961,311606,0.0
1678197867.530004,311851,0.0
1678197887.07406,312702,0.0
1678197890.230084,312773,0.0
1678197947.740957,315113,0.0
1678197966.743322,316015,0.0
1678197970.292942,316212,0.0
1678198011.694898,318189,0.0
1678198048.716785,319925,0.0
1678198065.318147,320665,0.0
1678198072.051807,320900,0.0
1678198094.774715,322078,0.0
1678198096.920487,322130,0.0
1678198101.401995,322496,0.0
1678198126.434156,323413,0.0
1678198136.686742,324208,0.0
1678198291.39638,325286,0.0
1678198314.004838,326242,0.0
1678198329.485896,326938,0.0
1678198353.859888,328090,0.0
1678198360.038795,328372,0.0
1678198405.320194,330253,0.0
1678198429.483706,331289,0.0
1678198438.648609,331688,0.0
1678198440.647046,331736,0.0
1678198447.94625,332229,0.0
1678198449.853266,332274,0.0
1678198462.726859,333246,0.0
1678198481.730265,334013,0.0
1678198497.284318,334635,0.0
1678198530.805033,336342,0.0
1678198538.714478,336843,0.0
1678198542.05018,337043,0.0
1678198561.870228,338169,0.0
1678198592.056111,340233,0.0
1678198609.751703,341334,0.0
1678198614.878568,341779,0.0
1678198619.132444,342108,0.0
1678198635.253475,343068,0.0
1678198650.826628,343684,0.0
1678198690.754948,345440,0.0
1678198700.283823,345763,0.0
1678198702.263913,345814,0.0
1678198708.438077,346117,0.0
1678198716.200527,346563,0.0
1678198724.179203,347180,0.0
1678198741.264832,347815,0.0
1678198888.573475,348253,0.1899999976158142
1678198899.018095,348983,0.18000000715255737
1678198919.754877,350374,0.18000000715255737
1678198921.85075,350432,0.18000000715255737
1678198924.645793,350559,0.18000000715255737
1678198944.556449,351323,0.18000000715255737
1678198962.492374,352432,0.17000000178813934
1678198992.793851,354059,0.18000000715255737
1678198999.668413,354288,0.18000000715255737
1678199056.008531,356366,0.18000000715255737
1678199059.772668,356468,0.18000000715255737
1678199070.073713,356829,0.1599999964237213
1678199081.315433,357341,0.15000000596046448
1678199090.993243,357754,0.15000000596046448
1678199107.14521,358467,0.1599999964237213
1678199113.440335,358671,0.1599999964237213
1678199141.302077,359840,0.1599999964237213
1678199155.383777,360351,0.1599999964237213
1678199179.39683,361347,0.1599999964237213
1678199200.072695,362134,0.18000000715255737
1678199204.993315,362333,0.18000000715255737
1678199212.021729,362621,0.18000000715255737
1678199213.03617,362628,0.18000000715255737
1678199218.349098,362822,0.18000000715255737
1678199235.910608,363529,0.20000000298023224
1678199239.560662,363636,0.20000000298023224
1678199243.671647,363787,0.20000000298023224
1678199287.420345,365444,0.20000000298023224
1678199295.775815,365768,0.18000000715255737
1678199307.022792,366211,0.1899999976158142
1678199335.456133,367341,0.18000000715255737
1678199343.091527,367669,0.18000000715255737
1678199358.35262,368277,0.18000000715255737
1678199660.333633,374379,0.15000000596046448
1678199692.028246,375676,0.15000000596046448
1678199693.896791,375722,0.15000000596046448
1678199721.207446,376916,0.15000000596046448
1678199727.816112,377168,0.1599999964237213
1678199744.287369,377837,0.18000000715255737
1678199765.121641,378621,0.1899999976158142
1678199773.47868,378940,0.20000000298023224
1678199797.135191,379840,0.20000000298023224
1678199810.985409,380358,0.20999999344348907
1678199831.446658,381109,0.2199999988079071
1678199873.6825,382738,0.23999999463558197
1678199879.286238,382952,0.25
1678199883.92961,383097,0.25999999046325684
1678199940.824034,385193,0.25999999046325684
1678199944.422583,385314,0.25999999046325684
1678199954.364419,385675,0.23999999463558197
1678199969.037758,386232,0.2199999988079071
1678199996.661088,387294,0.25
1678200029.399473,388460,0.25
1678200041.784924,388960,0.25
1678200053.341655,389417,0.25
1678200063.387178,389796,0.25
1678200082.169204,390476,0.25
1678200241.811042,390727,0.25
1678200242.763724,390735,0.25
1678200249.823456,390986,0.25
1678200269.582693,391795,0.25
1678200278.731784,392146,0.27000001072883606
1678200300.084016,393021,0.28999999165534973
1678200303.849032,393146,0.30000001192092896
1678200322.017929,393835,0.3199999928474426
1678200324.156921,393902,0.3199999928474426
1678200335.20596,394247,0.3199999928474426
1678200338.682087,394367,0.3199999928474426
1678200350.431275,394777,0.3199999928474426
1678200354.30545,394910,0.33000001311302185
1678200367.778649,395444,0.33000001311302185
1678200397.462451,396608,0.3499999940395355
1678200404.25082,396834,0.36000001430511475
1678200418.02188,397351,0.3799999952316284
1678200438.34913,398186,0.3799999952316284
1678200462.754256,399091,0.38999998569488525
1678200515.225206,401003,0.44999998807907104
1678200527.130179,401440,0.44999998807907104
1678200559.231371,402678,0.4399999976158142
1678200592.049651,403864,0.4699999988079071
1678200649.776876,406041,0.49000000953674316
1678200655.232207,406187,0.4699999988079071
1678200671.221084,406604,0.49000000953674316
1678200865.782535,407330,0.5199999809265137
1678200872.715485,407504,0.5099999904632568
1678200878.362056,407640,0.5199999809265137
1678200913.947101,408879,0.5400000214576721
1678200921.137327,409094,0.5400000214576721
1678200924.362766,409198,0.5299999713897705
1678200930.970949,409373,0.5400000214576721
1678200935.039793,409503,0.550000011920929
1678200981.770169,411198,0.5400000214576721
1678200997.796689,411698,0.5600000023841858
1678201012.402267,412282,0.5600000023841858
1678201059.456739,413844,0.550000011920929
1678201068.402615,414035,0.550000011920929
1678201078.717587,414296,0.5699999928474426
1678201086.71389,414546,0.5799999833106995
1678201148.887957,416804,0.5600000023841858
1678201162.82016,417213,0.5400000214576721
1678201166.425722,417303,0.5299999713897705
1678201189.43115,417979,0.5299999713897705
1678201199.455004,418249,0.5400000214576721
1678201235.909032,419305,0.5199999809265137
1678201253.80816,419861,0.5299999713897705
1678201259.45286,420044,0.5400000214576721
1678201314.991369,421979,0.5799999833106995
1678201534.44435,423434,0.5600000023841858
1678201566.623126,424601,0.5600000023841858
1678201569.808575,424695,0.5699999928474426
1678201587.410211,425250,0.5699999928474426
1678201604.213404,425710,0.5600000023841858
1678201624.345158,426430,0.5799999833106995
1678201656.582786,427556,0.550000011920929
1678201678.770961,428289,0.5699999928474426
1678201685.752945,428508,0.5799999833106995
1678201701.868792,429126,0.5799999833106995
1678201753.030667,431054,0.5699999928474426
1678201762.570816,431349,0.5600000023841858
1678201766.27496,431463,0.550000011920929
1678201770.225918,431568,0.550000011920929
1678201781.569951,431971,0.5299999713897705
1678201810.75066,433046,0.5299999713897705
1678201837.77972,433903,0.5600000023841858
1678201845.042575,434094,0.5699999928474426
1678201892.474545,435795,0.5799999833106995
1678201903.523656,436135,0.5600000023841858
1678201909.990955,436318,0.5799999833106995
1678201928.336551,436723,0.5600000023841858
1678201959.314392,437717,0.550000011920929
1678201982.947017,438520,0.5600000023841858
1678201989.935857,438735,0.550000011920929
1678201998.736332,439027,0.550000011920929
1678202000.892075,439067,0.5600000023841858
1678202200.047462,439393,0.5699999928474426
1678202203.321774,439483,0.5799999833106995
1678202274.014335,441832,0.5899999737739563
1678202296.65777,442729,0.6100000143051147
1678202410.770238,447079,0.5699999928474426
1678202436.846264,448063,0.5600000023841858
1678202480.8906,449843,0.5600000023841858
1678202487.236685,450043,0.550000011920929
1678202526.372567,451543,0.550000011920929
1678202551.366468,452543,0.5299999713897705
1678202556.137491,452704,0.5299999713897705
1678202598.192956,454368,0.550000011920929
1678202660.100571,456756,0.5199999809265137
1678202730.731968,459376,0.5
1678202738.823772,459616,0.49000000953674316
1678202751.799419,460116,0.47999998927116394
1678202801.967858,462116,0.46000000834465027
1678202846.036573,463753,0.4399999976158142
1678202872.091734,464753,0.4399999976158142
1678202897.633804,465748,0.4399999976158142
1678202986.086814,469248,0.41999998688697815
1678202997.929159,469748,0.4099999964237213
1678203040.25748,471515,0.3799999952316284
1678203088.113929,473515,0.3499999940395355
1678203346.306259,475775,0.30000001192092896
1678203358.132833,476275,0.28999999165534973
1678203370.605379,476775,0.2800000011920929
1678203406.560786,478152,0.25999999046325684
1678203432.359572,479152,0.23999999463558197
1678203443.154862,479570,0.23000000417232513
1678203465.09973,480431,0.23999999463558197
1678203485.94533,481195,0.2199999988079071
1678203509.22982,482047,0.23000000417232513
1678203545.217467,483376,0.20999999344348907
1678203553.45691,483684,0.2199999988079071
1678203556.555708,483769,0.2199999988079071
1678203572.491538,484329,0.23999999463558197
1678203580.514927,484551,0.23999999463558197
1678203615.742332,485782,0.2800000011920929
1678203626.302555,486147,0.28999999165534973
1678203632.211156,486347,0.28999999165534973
1678203666.585659,487506,0.3199999928474426
1678203682.47677,488106,0.33000001311302185
1678203691.324136,488291,0.3400000035762787
1678203735.401102,489626,0.3700000047683716
1678203772.28154,490614,0.38999998569488525
1678203777.228699,490791,0.38999998569488525
1678203786.695191,491074,0.38999998569488525
1678203812.332691,491795,0.4099999964237213
1678203820.43931,492011,0.4300000071525574
1678203824.18134,492128,0.4300000071525574
1678203849.13504,492963,0.46000000834465027
1678203852.357546,493068,0.4699999988079071
1678203854.844852,493134,0.47999998927116394
1678203863.482041,493335,0.5099999904632568
1678203869.79236,493551,0.5199999809265137
1678203894.612769,494418,0.5400000214576721
1678204125.253945,495208,0.5799999833106995
1678204128.203416,495298,0.5899999737739563
1678204134.650718,495461,0.6100000143051147
1678204140.719527,495620,0.6299999952316284
1678204147.987942,495826,0.6399999856948853
1678204151.584271,495938,0.6499999761581421
1678204190.846098,497047,0.6700000166893005
1678204196.747521,497232,0.6700000166893005
1678204204.792035,497502,0.6700000166893005
1678204252.423956,499144,0.6700000166893005
1678204254.449001,499184,0.6600000262260437
1678204269.522384,499584,0.6800000071525574
1678204271.708441,499635,0.6800000071525574
1678204274.160156,499693,0.6800000071525574
1678204277.855898,499766,0.6899999976158142
1678204282.974402,499880,0.6800000071525574
1678204285.430612,499929,0.6800000071525574
1678204288.024513,500003,0.6899999976158142
1678204297.369573,500251,0.6800000071525574
1678204327.238848,500917,0.7099999785423279
1678204342.584075,501214,0.7400000095367432
1678204347.166267,501299,0.75
1678204372.804604,501934,0.8199999928474426
1678204376.298075,502041,0.8199999928474426
1678204384.507837,502345,0.8299999833106995
1678204390.250371,502476,0.8399999737739563
1678204421.914142,503398,0.8500000238418579
1678204431.839702,503689,0.8500000238418579
1678204436.193915,503788,0.8399999737739563
1678204444.994115,503988,0.8399999737739563
1678204450.418291,504111,0.8299999833106995
1678204454.049344,504195,0.8299999833106995
1678204709.627056,505312,0.8199999928474426
1678204719.306601,505600,0.8199999928474426
1678204725.076129,505734,0.8299999833106995
1678204730.508432,505845,0.8399999737739563
1678204735.084484,505914,0.8399999737739563
1678204741.443492,506050,0.8399999737739563
1678204744.038218,506101,0.8500000238418579
1678204761.429435,506592,0.8500000238418579
1678204763.152784,506614,0.8500000238418579
1678204765.385561,506660,0.8399999737739563
1678204778.772776,506980,0.8399999737739563
1678204780.467148,507005,0.8500000238418579
1678204786.39178,507149,0.8600000143051147
1678204792.022325,507287,0.8700000047683716
1678204795.258468,507372,0.8700000047683716
1678204806.0744,507621,0.8700000047683716
1678204807.801483,507641,0.8700000047683716
1678204818.648756,507844,0.8799999952316284
1678204820.478183,507864,0.8799999952316284
1678204822.7217,507906,0.8799999952316284
1678204825.44439,507968,0.8899999856948853
1678204830.481884,508080,0.8999999761581421
1678204832.667597,508110,0.8999999761581421
1678204861.748089,508848,0.8799999952316284
1678204863.874769,508875,0.8700000047683716
1678204867.191715,508961,0.8700000047683716
1678204887.199521,509534,0.8700000047683716
1678204889.256249,509569,0.8700000047683716
1678204908.971539,510224,0.8500000238418579
1678204916.90262,510388,0.8500000238418579
1678204924.810005,510552,0.8399999737739563
1678204930.662676,510697,0.8399999737739563
1678204936.629292,510833,0.8399999737739563
1678204943.000676,510926,0.8399999737739563
1678204945.748756,510983,0.8500000238418579
1678204947.884678,511003,0.8500000238418579
1678204964.248909,511362,0.8399999737739563
1678204967.634628,511452,0.8500000238418579
1678205241.139401,513035,0.8500000238418579
1678205252.178188,513431,0.8600000143051147
1678205284.13201,514432,0.8700000047683716
1678205306.550803,515184,0.8899999856948853
1678205309.996743,515316,0.8799999952316284
1678205353.527226,516564,0.8799999952316284
1678205356.303409,516631,0.8799999952316284
1678205391.458101,517641,0.8700000047683716
1678205399.881617,517865,0.8600000143051147
1678205404.961079,517976,0.8600000143051147
1678205413.948321,518248,0.8600000143051147
1678205420.88208,518453,0.8500000238418579
1678205423.126,518497,0.8399999737739563
1678205432.036852,518739,0.8500000238418579
1678205442.29562,518990,0.8500000238418579
1678205445.54294,519069,0.8500000238418579
1678205457.753202,519281,0.8700000047683716
1678205462.938015,519396,0.8700000047683716
1678205468.522768,519550,0.8700000047683716
1678205477.023354,519864,0.8799999952316284
1678205489.575069,520153,0.8899999856948853
1678205495.728115,520298,0.8899999856948853
1678205503.30104,520473,0.8999999761581421
1678205532.097263,521221,0.8899999856948853
1678205537.266722,521333,0.8899999856948853
1678205542.645084,521503,0.8999999761581421
1678205555.031431,521916,0.8999999761581421
1678205568.143722,522220,0.8899999856948853
1678205574.004957,522368,0.8799999952316284
1678205580.21306,522512,0.8899999856948853
1678205585.795221,522637,0.8799999952316284
1678205837.791526,522881,0.8700000047683716
1678205849.523185,523183,0.8500000238418579
1678205852.871126,523276,0.8500000238418579
1678205872.872858,523794,0.8500000238418579
1678205874.46474,523821,0.8500000238418579
1678205877.843991,523882,0.8600000143051147
1678205879.685649,523916,0.8600000143051147
1678205887.87711,524049,0.8600000143051147
1678205892.064286,524139,0.8500000238418579
1678205894.807187,524198,0.8500000238418579
1678205896.905129,524247,0.8500000238418579
1678205903.683367,524432,0.8500000238418579
1678205920.401448,524783,0.8500000238418579
1678205929.639497,524967,0.8500000238418579
1678205933.527333,525086,0.8600000143051147
1678205973.878883,526002,0.8700000047683716
1678205981.72138,526175,0.8700000047683716
1678205992.387617,526458,0.8500000238418579
1678206003.226564,526703,0.8500000238418579
1678206014.28485,526962,0.8500000238418579
1678206025.940992,527290,0.8399999737739563
1678206028.046383,527327,0.8399999737739563
1678206031.992792,527442,0.8399999737739563
1678206048.897106,527803,0.8199999928474426
1678206061.413119,528014,0.8100000023841858
1678206063.927113,528065,0.8100000023841858
1678206066.163964,528106,0.800000011920929
1678206080.831858,528551,0.7900000214576721
1678206086.429164,528699,0.800000011920929
1678206088.570396,528737,0.8100000023841858
1678206105.777852,529200,0.8199999928474426
1678206357.047121,529385,0.8100000023841858
1678206360.531595,529420,0.8199999928474426
1678206363.170481,529470,0.8199999928474426
1678206368.764485,529593,0.8299999833106995
1678206371.429243,529658,0.8399999737739563
1678206378.576122,529842,0.8399999737739563
1678206385.182025,529956,0.8399999737739563
1678206393.411494,530112,0.8399999737739563
1678206420.115852,530806,0.8199999928474426
1678206422.413448,530853,0.8299999833106995
1678206440.333759,531382,0.8199999928474426
1678206452.027425,531676,0.8299999833106995
1678206461.282568,532040,0.8299999833106995
1678206487.052595,532831,0.8199999928474426
1678206624.366925,538149,0.75
1678206627.363704,538211,0.7400000095367432
1678206630.552066,538286,0.7400000095367432
1678206633.57641,538361,0.7400000095367432
1678206637.189012,538439,0.7400000095367432
1678206655.548204,538957,0.75
1678206691.779063,540298,0.7300000190734863
1678206769.224941,543363,0.6800000071525574
1678206793.138568,544363,0.6600000262260437
1678206806.22084,544863,0.6499999761581421
1678206860.834136,546996,0.6399999856948853
1678206898.834215,548496,0.6200000047683716
1678206960.451164,550996,0.5899999737739563
1678206972.911565,551496,0.5799999833106995
1678206985.868296,551996,0.5699999928474426
1678206998.358249,552496,0.5600000023841858
1678207010.862489,552996,0.550000011920929
1678207055.741354,554778,0.5199999809265137
1678207105.273117,556778,0.5
1678207403.458061,557538,0.5
1678207439.373649,559038,0.4699999988079071
1678207481.230713,560765,0.4399999976158142
1678207493.911615,561265,0.4300000071525574
1678207506.825726,561765,0.41999998688697815
1678207531.35587,562742,0.4000000059604645
1678207568.457072,564154,0.3700000047683716
1678207575.781054,564436,0.3799999952316284
1678207586.106688,564785,0.4000000059604645
1678207592.547358,565036,0.4000000059604645
1678207637.980978,566874,0.3799999952316284
1678207650.184652,567374,0.3700000047683716
1678207656.009872,567546,0.36000001430511475
1678207692.288475,568785,0.3499999940395355
1678207697.692562,568959,0.3400000035762787
1678207701.123714,569036,0.3400000035762787
1678207762.924623,571171,0.33000001311302185
1678207771.591286,571485,0.3199999928474426
1678207780.499286,571646,0.3400000035762787
1678207784.232854,571692,0.36000001430511475
1678207795.836594,571921,0.3700000047683716
1678207800.102298,572007,0.3700000047683716
1678207809.405537,572240,0.3799999952316284
1678207820.85642,572588,0.3799999952316284
1678207862.331272,573881,0.4699999988079071
1678207884.459327,574634,0.49000000953674316
1678207912.469263,575606,0.5
1678207929.848874,576106,0.5400000214576721
1678207932.360837,576157,0.550000011920929
1678207939.070842,576264,0.5799999833106995
1678207954.571694,576604,0.6399999856948853
1678207964.234115,576849,0.6600000262260437
1678207970.043282,576996,0.6800000071525574
1678208249.922439,577199,0.7200000286102295
1678208255.031194,577294,0.7400000095367432
1678208279.879467,578213,0.7599999904632568
1678208283.702986,578325,0.7699999809265137
1678208319.999313,579630,0.8100000023841858
1678208324.958151,579731,0.8199999928474426
1678208333.316903,579828,0.8199999928474426
1678208337.039503,579930,0.8299999833106995
1678208340.915927,579986,0.8399999737739563
1678208342.788766,580005,0.8500000238418579
1678208347.399538,580099,0.8700000047683716
1678208353.031934,580225,0.8799999952316284
1678208366.186078,580508,0.8899999856948853
1678208375.347954,580753,0.8999999761581421
